1,MAR1,Multipurpose rooms,10:10:10,FIX IT,parth56,2009-09-25,vaibhav,2019-10-11,Multiple days,,
2,MAR999,Indoor basketball courts,17:00:00,,parth56,2009-09-25,vaibhav,2019-10-11,Multiple days,Please enter description,Please correct the following errors
3,MAR1,Volleyball courts,17:00:00,FIX IT,parth56,2009-09-25,vaibhav,2019-10-11,Multiple days, , 
4,MAR999,Indoor soccer gymnasium,10:10:10,,parth56,2009-09-25,vaibhav,2019-10-11,Multiple days,Please enter description,Please correct the following errors
5,MAR1,Racquetball courts,10:10:10,,parth56,2009-09-25,vaibhav,2019-10-11,Multiple days,Please enter description,Please correct the following errors
6,MAR999,Badminton courts,17:00:00,FIX IT,parth56,2009-09-25,vaibhav,2019-10-11,Multiple days,,
7,MAR1,Table Tennis,17:00:00,,parth56,2009-09-25,vaibhav,2019-10-11,Multiple days,Please enter description,Please correct the following errors
8,MAR999,Conference rooms,10:10:10,FIX IT,parth56,2009-09-25,vaibhav,2019-10-11,Multiple days,,
9,MAR999,Multipurpose rooms,17:00:00,,parth56,2009-09-25,vaibhav,2019-10-11,Multiple days,Please enter description,Please correct the following errors
10,MAR1,Indoor basketball courts,10:10:10,FIX IT,parth56,2009-09-25,vaibhav,2019-10-11,Multiple days,, 
11,MAR999,Volleyball courts,10:10:10,,parth56,2009-09-25,vaibhav,2019-10-11,Multiple days,Please enter description,Please correct the following errors
12,MAR1,Indoor soccer gymnasium,17:00:00,FIX IT,parth56,2009-09-25,vaibhav,2019-10-11,Multiple days,, 
13,MAR999,Racquetball courts,17:00:00,FIX IT,parth56,2009-09-25,vaibhav,2019-10-11,Multiple days,,
14,MAR1,Badminton courts,10:10:10,,parth56,2009-09-25,vaibhav,2019-10-11,Multiple days,Please enter description,Please correct the following errors
15,MAR999,Table Tennis,10:10:10,FIX IT,parth56,2009-09-25,vaibhav,2019-10-11,Multiple days,, 
16,MAR1,Conference rooms,17:00:00,,parth56,2009-09-25,vaibhav,2019-10-11,Multiple days,Please enter description,Please correct the following errors
17,MAR999,Indoor basketball courts,17:00:00,qwertyuiopqwertyuiopqwertyuiopqwertyuiopqwertyuiopqwertyuiopqwertyuiopqwertyuiopqwertyuiopqwertyuiopqwertyuiopqwertyuiopm,parth56,2009-09-25,vaibhav,2019-10-11,Multiple days,Please enter description,Please correct the following errors
18,MAR999,Indoor basketball courts,17:00:00,qwertyuiopqwertyuiopqwertyuiopqwertyuiopqwertyuiopqwertyuiopqwertyuiopqwertyuiopqwertyuiopqwertyuiopqwertyuiopqwertyuiop,parth56,2009-09-25,vaibhav,2019-10-11,Multiple days,,
19,MAR17,Multipurpose rooms,10:10:10,FIX IT,parth56,2009-09-25,vaibhav4,2019-11-14,Multiple days,,
20,MAR20,Multipurpose rooms,10:10:10,FIX IT,parth56,2009-09-25,eapen,2019-11-14,Multiple days,,